ProductName,ProductLink,AddToCartLink,RegularPrice,SalePrice
Acer A315-23-A7KD,https://clevershop.mk/product/acer-a315-23-a7kd/,https://clevershop.mk/product-category/mobilni-laptopi-i-tableti?add-to-cart=21494,17.590 ден,
Acer A315-23-R5P2,https://clevershop.mk/product/acer-a315-23-r5p2/,https://clevershop.mk/product-category/mobilni-laptopi-i-tableti?add-to-cart=21510,27.490 ден,
ACER Aspire 1 A115-22,https://clevershop.mk/product/acer-aspire-1-nx-a7pex-001/,https://clevershop.mk/product-category/mobilni-laptopi-i-tableti?add-to-cart=20826,18.999 ден Original price was: 18.999 ден.15.999 денCurrent price is: 15.999 ден.,15.999 ден
Acer Aspire 3 A315-23-R26A,https://clevershop.mk/product/acer-aspire-3-a315-23-r26a/,https://clevershop.mk/product-category/mobilni-laptopi-i-tableti?add-to-cart=21516,29.990 ден,
Acer Aspire 3 A315-58-33WK,https://clevershop.mk/product/21498/,https://clevershop.mk/product-category/mobilni-laptopi-i-tableti?add-to-cart=21498,24.490 ден,
Acer Aspire 3 A315-58-33WK,https://clevershop.mk/product/acer-aspire-3-a315-58-33wk/,https://clevershop.mk/product-category/mobilni-laptopi-i-tableti?add-to-cart=21506,25.990 ден,
ACER Aspire 5 (A515-56-35KA),https://clevershop.mk/product/acer-aspire-5-a515-56-35ka/,https://clevershop.mk/product-category/mobilni-laptopi-i-tableti?add-to-cart=21693,23.990 ден,
ACER ASPIRE 5 A515-45,https://clevershop.mk/product/acer-aspire-5-a515-45/,https://clevershop.mk/product-category/mobilni-laptopi-i-tableti?add-to-cart=21523,29.990 ден,
Acer Aspire 5 A515-45-R07Y Silver,https://clevershop.mk/product/acer-aspire-5-a515-45-r07y-silver/,https://clevershop.mk/product-category/mobilni-laptopi-i-tableti?add-to-cart=21501,24.990 ден,
Acer Aspire 5 A515-45-R1FG,https://clevershop.mk/product/acer-aspire-5-a515-45-r1fgnx-a7yex-005/,https://clevershop.mk/product-category/mobilni-laptopi-i-tableti?add-to-cart=18324,36.990 ден,
Acer Aspire 5 A515-56,https://clevershop.mk/product/acer-aspire-5-a515-56-nx-a1eex-001/,https://clevershop.mk/product-category/mobilni-laptopi-i-tableti?add-to-cart=18498,42.490 ден,
Acer Aspire 5 A515-56-3456 Silver,https://clevershop.mk/product/acer-aspire-5-a515-56-3456-silver/,https://clevershop.mk/product-category/mobilni-laptopi-i-tableti?add-to-cart=21690,23.990 ден,
"ACER Aspire 7 (A715-41G-R24S), Black",https://clevershop.mk/product/acer-aspire-7-a715-41g-r24s-black/,https://clevershop.mk/product-category/mobilni-laptopi-i-tableti?add-to-cart=21695,42.990 ден,
Acer Aspire 7 A715-42G-R16C,https://clevershop.mk/product/acer-aspire-7-a715-42g-r16c-nh-qe5ex-003/,https://clevershop.mk/product-category/mobilni-laptopi-i-tableti?add-to-cart=18506,54.490 ден Original price was: 54.490 ден.48.490 денCurrent price is: 48.490 ден.,48.490 ден
ACER ED270RPBIIPX 27′ LED VA FHD,https://clevershop.mk/product/acer-ed270rpbiipx-27-led-va-fhd/,https://clevershop.mk/product-category/mobilni-laptopi-i-tableti?add-to-cart=21728,14.490 ден,
ACER ED273BBMIIX 27′ LED VA FHD,https://clevershop.mk/product/acer-ed273bbmiix-27-led-va-fhd/,https://clevershop.mk/product-category/mobilni-laptopi-i-tableti?add-to-cart=21734,11.990 ден,
ACER ED323QURABIDPX 32” LED VA WQHD,https://clevershop.mk/product/acer-ed323qurabidpx-32-led-va-wqhd/,https://clevershop.mk/product-category/mobilni-laptopi-i-tableti?add-to-cart=21737,20.990 ден,
ACER K272HLEbid 27” LED VA FHD,https://clevershop.mk/product/21743/,https://clevershop.mk/product-category/mobilni-laptopi-i-tableti?add-to-cart=21743,9.690 ден,
"ACER LED 19.5”, V206HQLAB, Wide",https://clevershop.mk/product/acer-led-19-5-v206hqlab-wide/,https://clevershop.mk/product-category/mobilni-laptopi-i-tableti?add-to-cart=21750,5.290 ден,
"ACER LED, 21.5” V226HQLBbi",https://clevershop.mk/product/acer-led-21-5-v226hqlbbi/,https://clevershop.mk/product-category/mobilni-laptopi-i-tableti?add-to-cart=21755,6.290 ден,
ACER Nitro 5 (AN515-57-53A7),https://clevershop.mk/product/acer-nitro-5-an515-57-53a7/,https://clevershop.mk/product-category/mobilni-laptopi-i-tableti?add-to-cart=21706,51.990 ден,
Acer Nitro 5 (AN515-57-53AE),https://clevershop.mk/product/acer-nitro-5-an515-57/,https://clevershop.mk/product-category/mobilni-laptopi-i-tableti?add-to-cart=21716,47.990 ден,
Acer Nitro 5 (AN515-57-76C9),https://clevershop.mk/product/acer-nitro-5-an515-57-2/,https://clevershop.mk/product-category/mobilni-laptopi-i-tableti?add-to-cart=21718,60.990 ден,
Acer Nitro 5 Gaming AN515-45,https://clevershop.mk/product/acer-nitro-5-gaming-an515-45/,https://clevershop.mk/product-category/mobilni-laptopi-i-tableti?add-to-cart=21406,71.990 ден,
Acer Nitro 5 Gaming AN515-45,https://clevershop.mk/product/acer-nitro-5-gaming-an515-45-2/,https://clevershop.mk/product-category/mobilni-laptopi-i-tableti?add-to-cart=21410,66.990 ден,
Acer Nitro 5 Gaming AN517-41,https://clevershop.mk/product/acer-nitro-5-gaming-an517-41/,https://clevershop.mk/product-category/mobilni-laptopi-i-tableti?add-to-cart=21316,73.990 ден,
"ACER Nitro KG272UBMIIPX, 27″ LED IPS WQHD",https://clevershop.mk/product/acer-nitro-kg272ubmiipx-27-led-ips-wqhd/,https://clevershop.mk/product-category/mobilni-laptopi-i-tableti?add-to-cart=21758,16.990 ден,
Acer Nitro N50-640,https://clevershop.mk/product/21720/,https://clevershop.mk/product-category/mobilni-laptopi-i-tableti?add-to-cart=21720,64.990 ден,
ACER NITRO N50-640,https://clevershop.mk/product/acer-nitro-n50-640/,https://clevershop.mk/product-category/mobilni-laptopi-i-tableti?add-to-cart=21726,82.990 ден,
"ACER Nitro VG240YBMIIX, 24″ LED IPS FHD",https://clevershop.mk/product/acer-nitro-vg240ybmiix-24-led-ips-fhd/,https://clevershop.mk/product-category/mobilni-laptopi-i-tableti?add-to-cart=21764,10.490 ден,
"ACER Nitro VG270BMIIX, 27″ LED IPS FHD",https://clevershop.mk/product/acer-nitro-vg270bmiix-27-led-ips-fhd/,https://clevershop.mk/product-category/mobilni-laptopi-i-tableti?add-to-cart=21771,12.990 ден,
Acer Predator Helios 300 PH315-54,https://clevershop.mk/product/predator-helios-300-ph315-54/,https://clevershop.mk/product-category/mobilni-laptopi-i-tableti?add-to-cart=21392,67.990 ден,
ACER Predator Helios 300 PH315-54-732Y,https://clevershop.mk/product/acer-predator-helios-300-ph315-54-732y/,https://clevershop.mk/product-category/mobilni-laptopi-i-tableti?add-to-cart=21403,103.990 ден,
Acer Predator Helios 300 PH315-54-75YK,https://clevershop.mk/product/acer-predator-helios-300-ph315-54-75yk/,https://clevershop.mk/product-category/mobilni-laptopi-i-tableti?add-to-cart=21401,83.990 ден,
Acer Predator Helios 300 PH315-54-945Y,https://clevershop.mk/product/acer-predator-helios-300-ph315-54-945y/,https://clevershop.mk/product-category/mobilni-laptopi-i-tableti?add-to-cart=21398,96.990 ден,
Acer Predator Helios 300 PH315-54-949Y,https://clevershop.mk/product/acer-predator-helios-300-ph315-54-949y/,https://clevershop.mk/product-category/mobilni-laptopi-i-tableti?add-to-cart=21396,89.990 ден,
ACER Predator Helios 300 PH317-55-962G,https://clevershop.mk/product/acer-predator-helios-300-ph317-55-962g/,https://clevershop.mk/product-category/mobilni-laptopi-i-tableti?add-to-cart=21412,114.990 ден,
Acer Swift 3 SF314-43,https://clevershop.mk/product/acer-swift-3-sf314-43/,https://clevershop.mk/product-category/mobilni-laptopi-i-tableti?add-to-cart=21528,31.990 ден,
Acer Swift 3 SF314-43,https://clevershop.mk/product/acer-swift-3-sf314-43-2/,https://clevershop.mk/product-category/mobilni-laptopi-i-tableti?add-to-cart=21536,34.990 ден,
ACER Swift 3 SF314-511-56XT ( Silver ),https://clevershop.mk/product/acer-sf314-43-r2f9-nx-ab1ex-003/,https://clevershop.mk/product-category/mobilni-laptopi-i-tableti?add-to-cart=20829,29.990 ден,
"Acer Swift 3 SF314-511-56XT, Silver",https://clevershop.mk/product/acer-swift-3-sf314-511-56xt-silver/,https://clevershop.mk/product-category/mobilni-laptopi-i-tableti?add-to-cart=21702,39.990 ден,
Apple iPad 2020 32GB WiFi Space Gray,https://clevershop.mk/product/apple-ipad-2020-32gb-wifi-space-gray/,https://clevershop.mk/product-category/mobilni-laptopi-i-tableti?add-to-cart=17828,27.990 ден,
Apple iPad Air (2020) 64GB 4GB RAM,https://clevershop.mk/product/apple-ipad-air-2020-64gb-4gb-ram/,https://clevershop.mk/product-category/mobilni-laptopi-i-tableti?add-to-cart=18811,39.590 ден,
Apple iPad Air 2020 WIFI only 256GB blue,https://clevershop.mk/product/apple-ipad-air-2020-wifi-only-256gb-blue/,https://clevershop.mk/product-category/mobilni-laptopi-i-tableti?add-to-cart=17834,51.990 ден,
Apple iPad Pro 11 (2021) 128GB 8GB RAM,https://clevershop.mk/product/apple-ipad-pro-11-2021-128gb-8gb-ram/,https://clevershop.mk/product-category/mobilni-laptopi-i-tableti?add-to-cart=21013,63.990 ден,
Apple iPad Pro 12.9 (2021) 128GB 8GB RAM,https://clevershop.mk/product/apple-ipad-pro-12-9-2021-128gb-8gb-ram/,https://clevershop.mk/product-category/mobilni-laptopi-i-tableti?add-to-cart=18701,91.000 ден,
Apple iPhone 11 128GB 4GB RAM,https://clevershop.mk/product/apple-iphone-11-128gb-4gb-ram/,https://clevershop.mk/product-category/mobilni-laptopi-i-tableti?add-to-cart=18937,42.990 ден,
Apple iPhone 11 64GB 4GB RAM,https://clevershop.mk/product/apple-iphone-11/,https://clevershop.mk/product-category/mobilni-laptopi-i-tableti?add-to-cart=18562,38.990 ден Original price was: 38.990 ден.31.990 денCurrent price is: 31.990 ден.,31.990 ден
Apple iPhone 12 128GB 4GB RAM,https://clevershop.mk/product/apple-iphone-12-128gb-4gb-ram/,https://clevershop.mk/product-category/mobilni-laptopi-i-tableti?add-to-cart=20023,49.990 ден,
Apple iPhone 12 64GB 4GB RAM,https://clevershop.mk/product/apple-iphone-12/,https://clevershop.mk/product-category/mobilni-laptopi-i-tableti?add-to-cart=18640,39.990 ден,
Apple iPhone 12 mini 128GB 4GB RAM,https://clevershop.mk/product/apple-iphone-12-mini-128gb-4gb-ram/,https://clevershop.mk/product-category/mobilni-laptopi-i-tableti?add-to-cart=20449,39.990 ден,
Apple iPhone 13 128GB 4GB RAM,https://clevershop.mk/product/apple-iphone-13/,https://clevershop.mk/product-category/mobilni-laptopi-i-tableti?add-to-cart=18520,53.990 ден Original price was: 53.990 ден.47.990 денCurrent price is: 47.990 ден.,47.990 ден
Apple iPhone 13 256GB 4GB RAM,https://clevershop.mk/product/apple-iphone-13-256gb-4gb-ram/,https://clevershop.mk/product-category/mobilni-laptopi-i-tableti?add-to-cart=20019,60.190 ден,
Apple iPhone 13 mini 128GB 4GB,https://clevershop.mk/product/apple-iphone-13-mini/,https://clevershop.mk/product-category/mobilni-laptopi-i-tableti?add-to-cart=18661,48.990 ден Original price was: 48.990 ден.45.990 денCurrent price is: 45.990 ден.,45.990 ден
Apple iPhone 13 Pro 128GB 6GB RAM,https://clevershop.mk/product/apple-iphone-13-pro/,https://clevershop.mk/product-category/mobilni-laptopi-i-tableti?add-to-cart=18526,66.990 ден,
Apple iPhone 13 Pro 256GB 6GB RAM,https://clevershop.mk/product/apple-iphone-13-pro-256gb-6gb-ram/,https://clevershop.mk/product-category/mobilni-laptopi-i-tableti?add-to-cart=20015,78.090 ден,
Apple iPhone 13 Pro Max 128GB 6GB RAM,https://clevershop.mk/product/apple-iphone-13-pro-max/,https://clevershop.mk/product-category/mobilni-laptopi-i-tableti?add-to-cart=18555,75.990 ден,
Apple iPhone 13 Pro Max 256GB 6GB RAM,https://clevershop.mk/product/apple-iphone-13-pro-max-256gb-6gb-ram/,https://clevershop.mk/product-category/mobilni-laptopi-i-tableti?add-to-cart=18924,84.290 ден,
Apple iPhone 14 128GB 6GB RAM,https://clevershop.mk/product/apple-iphone-14-128gb-6gb-ram/,https://clevershop.mk/product-category/mobilni-laptopi-i-tableti?add-to-cart=22870,59.990 ден Original price was: 59.990 ден.54.990 денCurrent price is: 54.990 ден.,54.990 ден
Apple iPhone 14 Plus 128GB 6GB RAM,https://clevershop.mk/product/apple-iphone-14-plus-128gb-6gb-ram/,https://clevershop.mk/product-category/mobilni-laptopi-i-tableti?add-to-cart=22878,59.990 ден,
Apple iPhone 14 Pro 128GB 6GB RAM,https://clevershop.mk/product/apple-iphone-14-pro-128gb-6gb-ram/,https://clevershop.mk/product-category/mobilni-laptopi-i-tableti?add-to-cart=22884,89.990 ден Original price was: 89.990 ден.79.990 денCurrent price is: 79.990 ден.,79.990 ден
Apple iPhone 14 Pro Max 128GB 6GB RAM,https://clevershop.mk/product/apple-iphone-14-pro-max-128gb-6gb-ram/,https://clevershop.mk/product-category/mobilni-laptopi-i-tableti?add-to-cart=22891,89.990 ден Original price was: 89.990 ден.84.990 денCurrent price is: 84.990 ден.,84.990 ден
Apple iPhone 14 Pro Max 256GB 6GB RAM,https://clevershop.mk/product/apple-iphone-14-pro-max-256gb-6gb-ram/,https://clevershop.mk/product-category/mobilni-laptopi-i-tableti?add-to-cart=23600,105.000 ден Original price was: 105.000 ден.96.990 денCurrent price is: 96.990 ден.,96.990 ден
Apple iPhone SE 128GB 3GB RAM,https://clevershop.mk/product/apple-iphone-se-2020-128gb-3gb-ram/,https://clevershop.mk/product-category/mobilni-laptopi-i-tableti?add-to-cart=18691,29.690 ден,
Apple iPhone SE 64GB 3GB RAM,https://clevershop.mk/product/apple-iphone-se-2020-64gb-3gb-ram/,https://clevershop.mk/product-category/mobilni-laptopi-i-tableti?add-to-cart=18945,32.990 ден,
Apple Watch Series 7,https://clevershop.mk/product/apple-watch-series-7/,https://clevershop.mk/product-category/mobilni-laptopi-i-tableti?add-to-cart=19657,28.990 ден,
Asus E410MA,https://clevershop.mk/product/asus-e410ma/,https://clevershop.mk/product-category/mobilni-laptopi-i-tableti?add-to-cart=22702,10.990 ден,
ASUS ROG GL531GT-XS53,https://clevershop.mk/product/asus-rog-gl531gt-xs53/,https://clevershop.mk/product-category/mobilni-laptopi-i-tableti?add-to-cart=20931,44.990 ден,
Asus ROG Strix G15 Advantage Edition G513,https://clevershop.mk/product/asus-rog-strix-g15-advantage-edition-g513/,https://clevershop.mk/product-category/mobilni-laptopi-i-tableti?add-to-cart=21336,112.990 ден,
Asus TUF Gaming F15 FX506LH,https://clevershop.mk/product/asus-tuf-gaming-f15-fx506lh/,https://clevershop.mk/product-category/mobilni-laptopi-i-tableti?add-to-cart=21950,39.990 ден,
ASUS TUF Gaming F17 FX706HEB,https://clevershop.mk/product/asus-tuf-gaming-f17-fx706heb/,https://clevershop.mk/product-category/mobilni-laptopi-i-tableti?add-to-cart=20967,59.990 ден,
ASUS TUF Gaming NVIDIA GeForce RTX 3070 V2 OC Edition Video Card,https://clevershop.mk/product/asus-tuf-gaming-nvidia-geforce-rtx-3070-v2-oc-edition-video-card/,https://clevershop.mk/product-category/mobilni-laptopi-i-tableti?add-to-cart=17873,75.990 ден,
"DELL 23,8″ P2421D IPS LED-backlit LCD monitor",https://clevershop.mk/product/dell-238-p2421d-ips-led-backlit-lcd-monitor/,https://clevershop.mk/product-category/mobilni-laptopi-i-tableti?add-to-cart=17338,16.590 ден,
DELL AW2521HFLA 24.5″ FHD,https://clevershop.mk/product/dell-aw2521hfla-24-5-fhd/,https://clevershop.mk/product-category/mobilni-laptopi-i-tableti?add-to-cart=17415,20.490 ден,
DELL AW2721D 27″ QHD 2560 x 1440,https://clevershop.mk/product/dell-aw2721d-27-qhd-2560-x-1440/,https://clevershop.mk/product-category/mobilni-laptopi-i-tableti?add-to-cart=17422,39.990 ден,
DELL Curved S2422HG 23.6″ VA LED-backlit LCD,https://clevershop.mk/product/dell-curved-s2422hg-23-6-va-led-backlit-lcd/,https://clevershop.mk/product-category/mobilni-laptopi-i-tableti?add-to-cart=17393,16.590 ден,
Dell G15 5511 Gaming Laptop,https://clevershop.mk/product/dell-g15-5511-gaming-laptop/,https://clevershop.mk/product-category/mobilni-laptopi-i-tableti?add-to-cart=21340,104.990 ден,
DELL Monitor E2222HS  21.5″ VA,https://clevershop.mk/product/dell-monitor-e2222hs-21-5-va/,https://clevershop.mk/product-category/mobilni-laptopi-i-tableti?add-to-cart=17118,9.490 ден,
"DELL Monitor E2420HS, 23.8″ IPS Led AG",https://clevershop.mk/product/dell-monitor-e2420hs-23-8-ips-led-ag/,https://clevershop.mk/product-category/mobilni-laptopi-i-tableti?add-to-cart=17253,11.690 ден,
"DELL Monitor E2720H, 27.0″",https://clevershop.mk/product/dell-monitor-e2720h-27-0/,https://clevershop.mk/product-category/mobilni-laptopi-i-tableti?add-to-cart=17271,11.990 ден,
DELL Monitor E2720HS 27.0″,https://clevershop.mk/product/dell-monitor-e2720hs-27-0-ips-led-ag/,https://clevershop.mk/product-category/mobilni-laptopi-i-tableti?add-to-cart=17260,12.290 ден,
"DELL Monitor P2222H, 22” Full HD",https://clevershop.mk/product/dell-monitor-p2222h-22-full-hd/,https://clevershop.mk/product-category/mobilni-laptopi-i-tableti?add-to-cart=17317,12.290 ден,
"DELL Monitor S2721HS, 27″, IPS LED-backlit LCD",https://clevershop.mk/product/dell-monitor-s2721hs-27-ips-led-backlit-lcd/,https://clevershop.mk/product-category/mobilni-laptopi-i-tableti?add-to-cart=17291,14.490 ден,
DELL Monitor SE2422H 23.8″,https://clevershop.mk/product/dell-monitor-se2422h-23-8/,https://clevershop.mk/product-category/mobilni-laptopi-i-tableti?add-to-cart=17277,8.890 ден,
"DELL Monitor SE2722H, 27″ VA LED-backlit LCD",https://clevershop.mk/product/dell-monitor-se2722h-27-va-led-backlit-lcd/,https://clevershop.mk/product-category/mobilni-laptopi-i-tableti?add-to-cart=17283,10.990 ден,
"DELL Monitor Video Conferencing S2422HZ, 24″ IPS LED-backlit LCD",https://clevershop.mk/product/dell-monitor-video-conferencing-s2422hz-24-ips-led-backlit-lcd/,https://clevershop.mk/product-category/mobilni-laptopi-i-tableti?add-to-cart=17301,20.990 ден,
"DELL Monitor Video Conferencing S2722DZ, 27″ IPS WLED-backlit LCD",https://clevershop.mk/product/dell-monitor-video-conferencing-s2722dz-27-ips-wled-backlit-lcd/,https://clevershop.mk/product-category/mobilni-laptopi-i-tableti?add-to-cart=17310,27.590 ден,
"DELL NB Latitude 5420,11th.Gen.Intel Core i5-1145G7(4 Core,8M cache,2.6GHz to 4.4GHz,vPro),14.0″ FHD(1920×1080)AG 250nits,16GB DDR4 non-ECC Memory,512GB M.2 PCIe NVMe Class 35 SSD,Intel Iris Xe Graphics,TB4,Wi-Fi6,BT5.1,Bckl Kb,4Cell,Win10Pro,3Y",https://clevershop.mk/product/dell-nb-latitude-542011th-gen-intel-core-i5-1145g74-core8m-cache2-6ghz-to-4-4ghzvpro14-0-fhd1920x1080ag-250nits16gb-ddr4-non-ecc-memory512gb-m-2-pcie-nvme-class-35-ssdintel-iris-xe-graph/,https://clevershop.mk/product-category/mobilni-laptopi-i-tableti?add-to-cart=23124,71.990 ден,
"DELL NB Latitude 5420,11th.Gen.Intel Core i5-1145G7(4 Core,8M cache,2.6GHz to 4.4GHz,vPro),14.0″ FHD(1920×1080)AG 250nits,16GB DDR4 non-ECC Memory,512GB M.2 PCIe NVMe Class 35 SSD,Intel Iris Xe Graphics,TB4,Wireless,BT5.1,Bkl Kb,FP,4Cell,Ubuntu,3Y",https://clevershop.mk/product/dell-nb-latitude-542011th-gen-intel-core-i5-1145g74-core8m-cache2-6ghz-to-4-4ghzvpro14-0-fhd1920x1080ag-250nits16gb-ddr4-non-ecc-memory512gb-m-2-pcie-nvme-class-35-ssdintel-iris-xe-graph-2/,https://clevershop.mk/product-category/mobilni-laptopi-i-tableti?add-to-cart=23132,62.990 ден,
"DELL NB Latitude 5430, 12th Gen. Intel i7-1255U(10C/12T/12MB/1.7GHz to 4.7GHz), 14″ FHD(1920×1080)AG WVA 250nits, 16GB(1x16GB) DDR4 3200MHz, 512 M.2 PCIe NVMe SSD, Intel Iris Xe Graphics, AX211 WiFi6e 2×2 AX+BT 5.2, SCR, TB4, 4cell 58WHr, Ubuntu, 3Y",https://clevershop.mk/product/dell-nb-latitude-5430-12th-gen-intel-i7-1255u10c-12t-12mb-1-7ghz-to-4-7ghz-14-fhd1920x1080ag-wva-250nits-16gb1x16gb-ddr4-3200mhz-512-m-2-pcie-nvme-ssd-intel-iris-xe-graphics-ax211-wifi6/,https://clevershop.mk/product-category/mobilni-laptopi-i-tableti?add-to-cart=23091,72.990 ден,
"DELL NB Latitude 5431, 12th Gen.Intel Core i7-1270P vPro(12C/16T/18MB/up to 4.8GHz), 14″ FHD (1920×1080) IPS AG 250nits, 16GB (1X16GB) DDR5 4800MHz, 512GB M.2 PCIe NVMe SSD, Intel Iris Xe Graphics,WiFi6e+BT5.2,FPR,SCR,Bckl kb,4Cell 64WHr,Win11Pro,3Y",https://clevershop.mk/product/dell-nb-latitude-5431-12th-gen-intel-core-i7-1270p-vpro12c-16t-18mb-up-to-4-8ghz-14-fhd-1920x1080-ips-ag-250nits-16gb-1x16gb-ddr5-4800mhz-512gb-m-2-pcie-nvme-ssd-intel-iris-xe-graphicswi/,https://clevershop.mk/product-category/mobilni-laptopi-i-tableti?add-to-cart=23080,87.990 ден,
"DELL NB Latitude 5520, 11th.Gen.Intel Core i5-1135G7(4 Core,8M cache,2.4GHz to 4.2GHz), 15.6″ FHD(1920×1080)AG 250nits, 8GB (1X8GB) DDR4 non-ECC, 256GB M.2 PCIe NVMe Class 35 SSD, Intel Iris Xe Graphics,TB4,SCR,Wireless,BT5.1,Bkl Kb,4Cell,Ubuntu,3Y",https://clevershop.mk/product/dell-nb-latitude-5520-11th-gen-intel-core-i5-1135g74-core8m-cache2-4ghz-to-4-2ghz-15-6-fhd1920x1080ag-250nits-8gb-1x8gb-ddr4-non-ecc-256gb-m-2-pcie-nvme-class-35-ssd-intel-iris-xe-graph/,https://clevershop.mk/product-category/mobilni-laptopi-i-tableti?add-to-cart=23116,58.490 ден,
"DELL NB Latitude 5520, 11th.Gen.Intel Core i5-1145G7(4 Core,8M cache,2.6GHz to 4.4GHz,vPro), 15.6″ FHD(1920×1080)AG 250nits, 16GB DDR4 non-ECC, 512GB M.2 PCIe NVMe Class 35 SSD,Intel Iris Xe Graphics,TB4,FP,SCR,Wireless,BT5.1,Bckl Kb,4Cell,Ubuntu,3Y",https://clevershop.mk/product/dell-nb-latitude-5520-11th-gen-intel-core-i5-1145g74-core8m-cache2-6ghz-to-4-4ghzvpro-15-6-fhd1920x1080ag-250nits-16gb-ddr4-non-ecc-512gb-m-2-pcie-nvme-class-35-ssdintel-iris-xe-graphics-2/,https://clevershop.mk/product-category/mobilni-laptopi-i-tableti?add-to-cart=23107,63.990 ден,
"DELL NB Latitude 5520, 11th.Gen.Intel Core i5-1145G7(4 Core,8M cache,2.6GHz to 4.4GHz,vPro), 15.6″ FHD(1920×1080)AG 250nits, 16GB DDR4 non-ECC, 512GB M.2 PCIe NVMe Class 35 SSD,Intel Iris Xe Graphics,TB4,SCR,Wireless,BT5.1,Bckl Kb,4Cell,Win10Pro,3Y",https://clevershop.mk/product/dell-nb-latitude-5520-11th-gen-intel-core-i5-1145g74-core8m-cache2-6ghz-to-4-4ghzvpro-15-6-fhd1920x1080ag-250nits-16gb-ddr4-non-ecc-512gb-m-2-pcie-nvme-class-35-ssdintel-iris-xe-graphics/,https://clevershop.mk/product-category/mobilni-laptopi-i-tableti?add-to-cart=23099,71.990 ден,
"DELL NB Latitude 5531, 12th Gen. Intel Core i7-12800H vPro(14C/20T/24MB/up to 4.8GHz), 15.6″ FHD (1920×1080) IPS AG 250nits, 32GB (1X32GB) DDR5 4800MHz, 512GB M.2 PCIe NVMe SSD, Intel Iris Xe Graphics, WiFi6e+BT5.2, Bckl kb, 4Cell 64WHr, Win11Pro, 3Y",https://clevershop.mk/product/dell-nb-latitude-5531-12th-gen-intel-core-i7-12800h-vpro14c-20t-24mb-up-to-4-8ghz-15-6-fhd-1920x1080-ips-ag-250nits-32gb-1x32gb-ddr5-4800mhz-512gb-m-2-pcie-nvme-ssd-intel-iris-xe-graphic/,https://clevershop.mk/product-category/mobilni-laptopi-i-tableti?add-to-cart=23069,101.590 ден,
DELL P2422H 23.8″ IPS WLED-backlit LCD,https://clevershop.mk/product/dell-p2422h-23-8-ips-wled-backlit-lcd/,https://clevershop.mk/product-category/mobilni-laptopi-i-tableti?add-to-cart=17325,13.290 ден,
DELL P2422HE 23.8″ IPS WLED-backlit LCD,https://clevershop.mk/product/dell-p2422he-23-8-ips-wled-backlit-lcd/,https://clevershop.mk/product-category/mobilni-laptopi-i-tableti?add-to-cart=17331,16.590 ден,
DELL P2720D 27″ IPS WLED-backlit LCD monitor,https://clevershop.mk/product/dell-p2720d-27-ips-wled-backlit-lcd-monitor/,https://clevershop.mk/product-category/mobilni-laptopi-i-tableti?add-to-cart=17353,18.890 ден,
DELL P2722H 27″ IPS WLED-backlit LCD monitor AG,https://clevershop.mk/product/dell-p2722h-27-ips-wled-backlit-lcd-monitor-ag/,https://clevershop.mk/product-category/mobilni-laptopi-i-tableti?add-to-cart=17347,15.999 ден,
"Dell PC Optiplex 3050 MT, Intel Core i3-7100",https://clevershop.mk/product/dell-pc-optiplex-3050-mt-intel-core-i3-7100/,https://clevershop.mk/product-category/mobilni-laptopi-i-tableti?add-to-cart=17438,37.490 ден,
"Dell PC OptiPlex 3080 SFF, Intel Core i5-10505",https://clevershop.mk/product/dell-pc-optiplex-3080-sff-intel-core-i5-10505/,https://clevershop.mk/product-category/mobilni-laptopi-i-tableti?add-to-cart=17444,40.890 ден,
"DELL PC OptiPlex 3090 SFF, Intel Core i5-10505",https://clevershop.mk/product/dell-pc-optiplex-3090-sff-intel-core-i5-10505-6-cores-12mb-12t-3-2ghz-to-4-6ghz-65w-8gb1x8gb-ddr4-256gb-m-2-pcie-nvme-class-35-ssd-intel-integrated-graphics-dvd-rw-dp-hdmi-2-0-ms116-mous/,https://clevershop.mk/product-category/mobilni-laptopi-i-tableti?add-to-cart=23140,41.990 ден,
"DELL S2421HGF 23,8″ TN LED-backlit LCD",https://clevershop.mk/product/dell-s2421hgf-238-tn-led-backlit-lcd/,https://clevershop.mk/product-category/mobilni-laptopi-i-tableti?add-to-cart=17386,14.490 ден,
DELL S2522HG 24.5″ Fast IPS LED-backlit LCD,https://clevershop.mk/product/dell-s2522hg-24-5-fast-ips-led-backlit-lcd/,https://clevershop.mk/product-category/mobilni-laptopi-i-tableti?add-to-cart=17400,18.690 ден,
DELL S2721HGF 27″ VA LED-backlit LCD,https://clevershop.mk/product/dell-s2721hgf-27-va-led-backlit-lcd/,https://clevershop.mk/product-category/mobilni-laptopi-i-tableti?add-to-cart=17407,17.590 ден,
"DELL U2421E 24,1″ IPS LED-backlit LCD",https://clevershop.mk/product/dell-u2421e-241-ips-led-backlit-lcd/,https://clevershop.mk/product-category/mobilni-laptopi-i-tableti?add-to-cart=17358,20.490 ден,
DELL U2422H 23.8″ IPS WLED-backlit LCD,https://clevershop.mk/product/dell-u2422h-23-8-ips-wled-backlit-lcd/,https://clevershop.mk/product-category/mobilni-laptopi-i-tableti?add-to-cart=17366,16.590 ден,
DELL U2722D 27″ IPS LED-backlit LCD,https://clevershop.mk/product/dell-u2722d-27-ips-led-backlit-lcd/,https://clevershop.mk/product-category/mobilni-laptopi-i-tableti?add-to-cart=17373,29.990 ден,
DELL Vostro 3510,https://clevershop.mk/product/dell-vostro-3510/,https://clevershop.mk/product-category/mobilni-laptopi-i-tableti?add-to-cart=21084,43.990 ден,
Epson L1110 Inkjet w/ Eco Tank System (CISS),https://clevershop.mk/product/epson-l1110-inkjet-w-eco-tank-system-ciss/,https://clevershop.mk/product-category/mobilni-laptopi-i-tableti?add-to-cart=19879,8.190 ден,
Epson L1300 InkJet A3+ CISS System,https://clevershop.mk/product/epson-l1300-inkjet-a3-ciss-system/,https://clevershop.mk/product-category/mobilni-laptopi-i-tableti?add-to-cart=19983,32.350 ден,
Epson L14150 Inkjet A3+ MFP LAN/WiFI w/ EcoTank System (CISS),https://clevershop.mk/product/epson-l14150-inkjet-a3-mfp-lan-wifi-w-ecotank-system-ciss/,https://clevershop.mk/product-category/mobilni-laptopi-i-tableti?add-to-cart=19991,32.590 ден,
Epson L15160 MFP A3+ EcoTank System,https://clevershop.mk/product/epson-l15160-mfp-a3-ecotank-system/,https://clevershop.mk/product-category/mobilni-laptopi-i-tableti?add-to-cart=19999,67.190 ден,
Epson L1800 A3+ Photo CISS System,https://clevershop.mk/product/epson-l1800-a3-photo-ciss-system/,https://clevershop.mk/product-category/mobilni-laptopi-i-tableti?add-to-cart=19996,37.590 ден,
Epson L3211 Inkjet w/ Eco Tank System (CISS) MFP Printer,https://clevershop.mk/product/epson-l3211-inkjet-w-eco-tank-system-ciss-mfp-printer/,https://clevershop.mk/product-category/mobilni-laptopi-i-tableti?add-to-cart=19882,11.390 ден,
Epson L3251 Inkjet w/ Eco Tank System (CISS) MFP WiFi Direct,https://clevershop.mk/product/epson-l3251-inkjet-w-eco-tank-system-ciss-mfp-wifi-direct/,https://clevershop.mk/product-category/mobilni-laptopi-i-tableti?add-to-cart=19885,12.490 ден,
Epson L5290 Inkjet w/ INK Tank System (CISS) MFP Fax/WiFi/LAN,https://clevershop.mk/product/epson-l5290-inkjet-w-ink-tank-system-ciss-mfp-fax-wifi-lan/,https://clevershop.mk/product-category/mobilni-laptopi-i-tableti?add-to-cart=19888,17.490 ден,
EPSON L805 Inkjet Photo w/ Ink Tank System (CISS),https://clevershop.mk/product/epson-l805-inkjet-photo-w-ink-tank-system-ciss/,https://clevershop.mk/product-category/mobilni-laptopi-i-tableti?add-to-cart=19628,20.990 ден,
EPSON LQ-350+ kirilica,https://clevershop.mk/product/epson-lq-350-kirilica/,https://clevershop.mk/product-category/mobilni-laptopi-i-tableti?add-to-cart=19894,19.590 ден,
EPSON LX-350+ kirilica,https://clevershop.mk/product/epson-lx-350-kirilica/,https://clevershop.mk/product-category/mobilni-laptopi-i-tableti?add-to-cart=19891,18.990 ден,
EVGA GeForce GT 1030 SC 2GB 64-Bit GDDR5,https://clevershop.mk/product/evga-geforce-gt-1030-sc-2gb-64-bit-gddr5/,https://clevershop.mk/product-category/mobilni-laptopi-i-tableti?add-to-cart=17841,10.990 ден Original price was: 10.990 ден.9.990 денCurrent price is: 9.990 ден.,9.990 ден
Evolve III Maestro E-Book 11.6″,https://clevershop.mk/product/evolve-iii-maestro-e-book-11-6/,https://clevershop.mk/product-category/mobilni-laptopi-i-tableti?add-to-cart=20308,7.990 ден,
Gateway GWNC31514,https://clevershop.mk/product/gateway-gwnc31514/,https://clevershop.mk/product-category/mobilni-laptopi-i-tableti?add-to-cart=21184,19.990 ден,
Gateway GWTN156-11BK,https://clevershop.mk/product/gateway-gwtn156-11bk/,https://clevershop.mk/product-category/mobilni-laptopi-i-tableti?add-to-cart=22713,12.990 ден,
Gigabyte GeForce RTX 3090 Turbo GDDR6X Graphics Card *High Hash Rate,https://clevershop.mk/product/gigabyte-geforce-rtx-3090-turbo-gddr6x-graphics-card-high-hash-rate/,https://clevershop.mk/product-category/mobilni-laptopi-i-tableti?add-to-cart=17896,199.900 ден Original price was: 199.900 ден.189.990 денCurrent price is: 189.990 ден.,189.990 ден
GIGABYTE GeForce RTX™ 3080 GAMING OC 10G (rev. 2.0),https://clevershop.mk/product/geforce-rtx-3080-gaming-oc-10g-rev-2-0/,https://clevershop.mk/product-category/mobilni-laptopi-i-tableti?add-to-cart=17886,117.900 ден Original price was: 117.900 ден.109.990 денCurrent price is: 109.990 ден.,109.990 ден
Google Pixel 6 128GB 8GB RAM,https://clevershop.mk/product/google-pixel-6/,https://clevershop.mk/product-category/mobilni-laptopi-i-tableti?add-to-cart=18625,47.990 ден Original price was: 47.990 ден.43.990 денCurrent price is: 43.990 ден.,43.990 ден
Google Pixel 6 Pro 256GB 12GB,https://clevershop.mk/product/google-pixel-6-pro-256gb-12gb/,https://clevershop.mk/product-category/mobilni-laptopi-i-tableti?add-to-cart=18630,69.990 ден,
HP 14-DQ0031,https://clevershop.mk/product/hp-14-dq0031/,https://clevershop.mk/product-category/mobilni-laptopi-i-tableti?add-to-cart=20957,12.990 ден,
HP 15-DW3138NIA,https://clevershop.mk/product/hp-15-dw3138nia/,https://clevershop.mk/product-category/mobilni-laptopi-i-tableti?add-to-cart=21579,28.990 ден,
HP 15-dw3142nia,https://clevershop.mk/product/hp-15-dw3142nia/,https://clevershop.mk/product-category/mobilni-laptopi-i-tableti?add-to-cart=21585,40.490 ден,
HP 15s-eq2382nia,https://clevershop.mk/product/hp-15s-eq2382nia/,https://clevershop.mk/product-category/mobilni-laptopi-i-tableti?add-to-cart=21582,32.990 ден,
HP 250 G8 2X7T8EA,https://clevershop.mk/product/hp-250-g8-2x7t8ea/,https://clevershop.mk/product-category/mobilni-laptopi-i-tableti?add-to-cart=18333,18.990 ден,
"HP 250 G8, 2W8Z6EA",https://clevershop.mk/product/hp-250-g8-2w8z6ea/,https://clevershop.mk/product-category/mobilni-laptopi-i-tableti?add-to-cart=21557,22.990 ден,
"HP 250 G8, 2X7W8EA",https://clevershop.mk/product/hp-250-g8-2x7w8ea/,https://clevershop.mk/product-category/mobilni-laptopi-i-tableti?add-to-cart=21548,16.990 ден,
"HP 255 G8, 27K51EA",https://clevershop.mk/product/hp-255-g8-27k51ea/,https://clevershop.mk/product-category/mobilni-laptopi-i-tableti?add-to-cart=18512,22.990 ден,
"HP 255 G8, 3V5K4EA",https://clevershop.mk/product/hp-255-g8-3v5k4ea/,https://clevershop.mk/product-category/mobilni-laptopi-i-tableti?add-to-cart=21565,24.990 ден,
HP Color Laser 150a,https://clevershop.mk/product/hp-printer-color-laser-150a/,https://clevershop.mk/product-category/mobilni-laptopi-i-tableti?add-to-cart=17631,10.580 ден,
HP ENVY 13-BA1053NN,https://clevershop.mk/product/hp-envy-13-ba1053nn/,https://clevershop.mk/product-category/mobilni-laptopi-i-tableti?add-to-cart=21591,55.990 ден,
HP ENVY X360 13-AY1007NN,https://clevershop.mk/product/hp-envy-x360-13-ay1007nn/,https://clevershop.mk/product-category/mobilni-laptopi-i-tableti?add-to-cart=21598,59.990 ден,
HP Laptop 14-dq0001dx,https://clevershop.mk/product/hp-laptop-14-dq0001dx/,https://clevershop.mk/product-category/mobilni-laptopi-i-tableti?add-to-cart=21192,13.990 ден Original price was: 13.990 ден.12.490 денCurrent price is: 12.490 ден.,12.490 ден
HP LAPTOP 15S-FQ2002NIA,https://clevershop.mk/product/hp-laptop-15s-fq2002nia/,https://clevershop.mk/product-category/mobilni-laptopi-i-tableti?add-to-cart=21572,31.990 ден,
HP LAPTOP 15S-FQ2003NIA,https://clevershop.mk/product/hp-laptop-15s-fq2003nia/,https://clevershop.mk/product-category/mobilni-laptopi-i-tableti?add-to-cart=21575,29.990 ден,
HP Laptop 15s-fq3000na,https://clevershop.mk/product/hp-laptop-15s-fq3000na/,https://clevershop.mk/product-category/mobilni-laptopi-i-tableti?add-to-cart=18348,21.990 ден,
HP Laptop 15s-fq3001na,https://clevershop.mk/product/18341/,https://clevershop.mk/product-category/mobilni-laptopi-i-tableti?add-to-cart=18341,17.990 ден,
HP LaserJet Pro M404dn,https://clevershop.mk/product/hp-printer-laserjet-pro-m404dn/,https://clevershop.mk/product-category/mobilni-laptopi-i-tableti?add-to-cart=17628,15.490 ден,
HP LaserJet Pro MFP M428fdw,https://clevershop.mk/product/hp-printer-mfp-laserjet-pro-m428fdw/,https://clevershop.mk/product-category/mobilni-laptopi-i-tableti?add-to-cart=17734,28.790 ден,
"HP MLJ M236dw, 9YF95A мултифункциски ласерски принтер",https://clevershop.mk/product/hp-mlj-m236dw-9yf95a-%d0%bc%d1%83%d0%bb%d1%82%d0%b8%d1%84%d1%83%d0%bd%d0%ba%d1%86%d0%b8%d1%81%d0%ba%d0%b8-%d0%bb%d0%b0%d1%81%d0%b5%d1%80%d1%81%d0%ba%d0%b8-%d0%bf%d1%80%d0%b8%d0%bd%d1%82%d0%b5%d1%80/,https://clevershop.mk/product-category/mobilni-laptopi-i-tableti?add-to-cart=23298,11.990 ден,
HP P24 G4 23.8″ Full HD LCD Monitor,https://clevershop.mk/product/hp-p24-g4-23-8-full-hd-lcd-monitor/,https://clevershop.mk/product-category/mobilni-laptopi-i-tableti?add-to-cart=21713,8.190 ден,
HP Pav Gaming Desktop TG01,https://clevershop.mk/product/hp-pav-gaming-desktop-tg01/,https://clevershop.mk/product-category/mobilni-laptopi-i-tableti?add-to-cart=21785,44.990 ден,
HP PAV X360 14-DY1000NA,https://clevershop.mk/product/21594/,https://clevershop.mk/product-category/mobilni-laptopi-i-tableti?add-to-cart=21594,60.990 ден,
HP PAV X360 14-DY1005NA,https://clevershop.mk/product/hp-pav-x360-14-dy1005na/,https://clevershop.mk/product-category/mobilni-laptopi-i-tableti?add-to-cart=21588,46.990 ден,
HP Pavilion Gaming Laptop 15-dk2111nia,https://clevershop.mk/product/hp-pavilion-gaming-laptop-15-dk2111nia/,https://clevershop.mk/product-category/mobilni-laptopi-i-tableti?add-to-cart=21377,74.490 ден,
HP Printer Color LaserJet Pro MFP M283fdw,https://clevershop.mk/product/hp-printer-color-laserjet-pro-mfp-m283fdw/,https://clevershop.mk/product-category/mobilni-laptopi-i-tableti?add-to-cart=17741,27.990 ден,
HP Printer LaserJet M211d,https://clevershop.mk/product/hp-printer-laserjet-m211d/,https://clevershop.mk/product-category/mobilni-laptopi-i-tableti?add-to-cart=17638,9.790 ден,
HP Printer LaserJet M211dw,https://clevershop.mk/product/hp-printer-laserjet-m211dw/,https://clevershop.mk/product-category/mobilni-laptopi-i-tableti?add-to-cart=17649,10.690 ден,
HP Printer LaserJet Pro M404dw,https://clevershop.mk/product/hp-laserjet-pro-m404dw-wireless-monochrome-laser-printer-with-duplexing/,https://clevershop.mk/product-category/mobilni-laptopi-i-tableti?add-to-cart=17658,17.890 ден,
HP Smart Tank 515 Wireless All-in-One,https://clevershop.mk/product/hp-smart-tank-515-wireless-all-in-one/,https://clevershop.mk/product-category/mobilni-laptopi-i-tableti?add-to-cart=23302,11.490 ден,
HP VICTUS 15-FA0031 Laptop Gaming,https://clevershop.mk/product/hp-victus-15-fa0031-laptop-gaming/,https://clevershop.mk/product-category/mobilni-laptopi-i-tableti?add-to-cart=21199,47.990 ден,
HP Victus Gaming Laptop 16-e0009nia,https://clevershop.mk/product/hp-victus-gaming-laptop-16-e0009nia/,https://clevershop.mk/product-category/mobilni-laptopi-i-tableti?add-to-cart=21357,67.990 ден,
HP Victus Laptop 16-d0002nia,https://clevershop.mk/product/hp-victus-laptop-16-d0002nia/,https://clevershop.mk/product-category/mobilni-laptopi-i-tableti?add-to-cart=21368,65.490 ден,
HP Victus Laptop 16-e0003nia,https://clevershop.mk/product/hp-victus-laptop-16-e0003nia/,https://clevershop.mk/product-category/mobilni-laptopi-i-tableti?add-to-cart=21366,59.990 ден,
Huawei P50 Pocket 256GB 8GB RAM,https://clevershop.mk/product/huawei-p50-pocket-256gb-8gb-ram/,https://clevershop.mk/product-category/mobilni-laptopi-i-tableti?add-to-cart=18790,89.690 ден,
Huawei P50 Pro 256GB 8GB RAM,https://clevershop.mk/product/huawei-p50-pro-256gb-8gb-ram/,https://clevershop.mk/product-category/mobilni-laptopi-i-tableti?add-to-cart=18794,71.990 ден,
Huawei Watch 3 Pro,https://clevershop.mk/product/huawei-watch-3-pro/,https://clevershop.mk/product-category/mobilni-laptopi-i-tableti?add-to-cart=19661,27.990 ден,
Huawei Watch GT 3  4GB 32MB RAM,https://clevershop.mk/product/huawei-watch-gt-3-4gb-32mb-ram/,https://clevershop.mk/product-category/mobilni-laptopi-i-tableti?add-to-cart=19646,16.990 ден,
Lenovo 100e Windows 2nd Gen 81M80035US 11.6″ Netbook,https://clevershop.mk/product/lenovo-100e-windows-2nd-gen-81m80035us-11-6%e2%80%b3-netbook/,https://clevershop.mk/product-category/mobilni-laptopi-i-tableti?add-to-cart=22697,8.490 ден,
Lenovo 14w Gen 2,https://clevershop.mk/product/lenovo-14w-gen-2/,https://clevershop.mk/product-category/mobilni-laptopi-i-tableti?add-to-cart=20954,11.490 ден,
Lenovo 3 15ITL6 Core I3-1115G4,https://clevershop.mk/product/lenovo-3-15itl6-core-i3-1115g4/,https://clevershop.mk/product-category/mobilni-laptopi-i-tableti?add-to-cart=20362,27.990 ден,
Lenovo IdeaCentre 3 PC DT 3 07IAB7,https://clevershop.mk/product/lenovo-ideacentre-3-pc-dt-3-07iab7/,https://clevershop.mk/product-category/mobilni-laptopi-i-tableti?add-to-cart=21796,23.990 ден,
Lenovo IdeaCentre 5 PC DT 5 07IAB7,https://clevershop.mk/product/lenovo-ideacentre-5-pc-dt-5-07iab7/,https://clevershop.mk/product-category/mobilni-laptopi-i-tableti?add-to-cart=21793,35.990 ден,
Lenovo IdeaPad 3 15ALC6,https://clevershop.mk/product/lenovo-ideapad-3-15alc6/,https://clevershop.mk/product-category/mobilni-laptopi-i-tableti?add-to-cart=21605,37.490 ден,
LENOVO IdeaPad 3 15ITL6,https://clevershop.mk/product/lenovo-ideapad-3-15itl6/,https://clevershop.mk/product-category/mobilni-laptopi-i-tableti?add-to-cart=21488,24.590 ден,
LENOVO IdeaPad 3 15ITL6 ( GRAY ),https://clevershop.mk/product/lenovo-ideapad-3-15itl6-gray/,https://clevershop.mk/product-category/mobilni-laptopi-i-tableti?add-to-cart=21602,23.990 ден,
Lenovo IdeaPad Gaming 3 15ACH6,https://clevershop.mk/product/lenovo-ideapad-gaming-3-15ach6/,https://clevershop.mk/product-category/mobilni-laptopi-i-tableti?add-to-cart=21384,50.990 ден,
Lenovo IdeaPad Gaming 3 15IHU6,https://clevershop.mk/product/lenovo-ideapad-gaming-3-15ihu6/,https://clevershop.mk/product-category/mobilni-laptopi-i-tableti?add-to-cart=21370,59.990 ден,
Lenovo Laptop IdeaPad 1,https://clevershop.mk/product/lenovo-laptop-ideapad-1/,https://clevershop.mk/product-category/mobilni-laptopi-i-tableti?add-to-cart=22707,10.490 ден,
"LENOVO M10 (TB-X505L), WiFi/4G  GPS BT4.2, OctaCore, 10″ IPS HD 1280 x 800, 2GB, 32GB flash, 5MP cam +2MP front, MicroSD, MicroUSB, Android, Black",https://clevershop.mk/product/lenovo-m10-tb-x505l-wifi-4g-gps-bt4-2-octacore-10-ips-hd-1280-x-800-2gb-32gb-flash-5mp-cam-2mp-front-microsd-microusb-android-black/,https://clevershop.mk/product-category/mobilni-laptopi-i-tableti?add-to-cart=16551,8.890 ден,
"LENOVO M10 HD (2nd Gen),WiFi  GPS BT5.0, OctaCore, 10″ IPS HD 1280 x 800, 4GB, 64GB flash, 8MP cam +5MP front, MicroSD, MicroUSB, Android, Iron Grey",https://clevershop.mk/product/lenovo-m10-hd-2nd-genwifi-gps-bt5-0-octacore-10-ips-hd-1280-x-800-4gb-64gb-flash-8mp-cam-5mp-front-microsd-microusb-android-iron-grey/,https://clevershop.mk/product-category/mobilni-laptopi-i-tableti?add-to-cart=16556,9.590 ден,
"LENOVO M10 HD (2nd Gen),WiFi/4G  GPS BT5.0, OctaCore, 10″ IPS HD 1280 x 800, 4GB, 64GB flash, 8MP cam +5MP front, MicroSD, MicroUSB, Android, Iron Grey",https://clevershop.mk/product/lenovo-m10-hd-2nd-genwifi-4g-gps-bt5-0-octacore-10-ips-hd-1280-x-800-4gb-64gb-flash-8mp-cam-5mp-front-microsd-microusb-android-iron-grey/,https://clevershop.mk/product-category/mobilni-laptopi-i-tableti?add-to-cart=16563,10.880 ден,
"LENOVO M8 (TB-8505X), Iron grey, WiFi, 4G LTE, GPS BT5.0, MediaTek Helio",https://clevershop.mk/product/lenovo-m8-tb-8505x-iron-grey-wifi-4g-lte-gps-bt5-0-mediatek-helio/,https://clevershop.mk/product-category/mobilni-laptopi-i-tableti?add-to-cart=16544,7.490 ден,
MSGW GAMER I5-10400 GTX1660TI,https://clevershop.mk/product/msgw-gamer-i5-10400-gtx1660ti/,https://clevershop.mk/product-category/mobilni-laptopi-i-tableti?add-to-cart=19868,53.690 ден Original price was: 53.690 ден.49.990 денCurrent price is: 49.990 ден.,49.990 ден
MSGW I3-10100 RX550-4GB 256GB SSD/1TB,https://clevershop.mk/product/msgw-i3-10100-rx550-4gb-256gb-ssd-1tb/,https://clevershop.mk/product-category/mobilni-laptopi-i-tableti?add-to-cart=19876,39.290 ден,
MSGW i3-10105 8GB 240GB SSD WIN10Home,https://clevershop.mk/product/msgw-i3-10105-8gb-240gb-ssd-win10home/,https://clevershop.mk/product-category/mobilni-laptopi-i-tableti?add-to-cart=19858,23.190 ден,
MSGW i7-11700F RX6600XT 1TB SSD 2TB HDD,https://clevershop.mk/product/msgw-i7-11700f-rx6600xt-1tb-ssd-2tb-hdd/,https://clevershop.mk/product-category/mobilni-laptopi-i-tableti?add-to-cart=19873,89.990 ден Original price was: 89.990 ден.86.990 денCurrent price is: 86.990 ден.,86.990 ден
MSGW OFFICE 10100/8GB/SSD 256GB,https://clevershop.mk/product/msgw-office-10100-8gb-ssd-256gb/,https://clevershop.mk/product-category/mobilni-laptopi-i-tableti?add-to-cart=21638,17.490 ден,
MSGW OFFICE 10100/8GB/SSD 256GB,https://clevershop.mk/product/msgw-office-10100-8gb-ssd-256gb-2/,https://clevershop.mk/product-category/mobilni-laptopi-i-tableti?add-to-cart=21651,16.990 ден,
MSI GeForce RTX 3060 VENTUS 3X 12G OC,https://clevershop.mk/product/msi-geforce-rtx-3060-ventus-3x-12g-oc/,https://clevershop.mk/product-category/mobilni-laptopi-i-tableti?add-to-cart=17861,57.990 ден Original price was: 57.990 ден.56.990 денCurrent price is: 56.990 ден.,56.990 ден
MSI GF63 Thin  Gaming,https://clevershop.mk/product/msi-gf63-thin-gaming/,https://clevershop.mk/product-category/mobilni-laptopi-i-tableti?add-to-cart=21324,47.990 ден,
Nokia 106 (2018),https://clevershop.mk/product/nokia-106-2018/,https://clevershop.mk/product-category/mobilni-laptopi-i-tableti?add-to-cart=23539,1.490 ден,
Nokia 150 (2020),https://clevershop.mk/product/nokia-150-2020/,https://clevershop.mk/product-category/mobilni-laptopi-i-tableti?add-to-cart=23543,2.490 ден,
OnePlus 10 Pro 256GB 12GB RAM,https://clevershop.mk/product/oneplus-10-pro-256gb-12gb-ram/,https://clevershop.mk/product-category/mobilni-laptopi-i-tableti?add-to-cart=19320,55.990 ден,
OnePlus 9 5G 128GB 6GB RAM,https://clevershop.mk/product/oneplus-9-256gb-12gb-ram/,https://clevershop.mk/product-category/mobilni-laptopi-i-tableti?add-to-cart=19008,35.990 ден,
OnePlus 9 Pro 256GB 8GB RAM,https://clevershop.mk/product/oneplus-9-pro-256gb-8gb-ram/,https://clevershop.mk/product-category/mobilni-laptopi-i-tableti?add-to-cart=20516,49.990 ден,
OnePlus Nord 256GB 12GB RAM,https://clevershop.mk/product/oneplus-nord-256gb-12gb-ram/,https://clevershop.mk/product-category/mobilni-laptopi-i-tableti?add-to-cart=20533,28.990 ден,
OnePlus Nord N10 128GB 6GB RAM,https://clevershop.mk/product/oneplus-nord-n10-128gb-6gb-ram/,https://clevershop.mk/product-category/mobilni-laptopi-i-tableti?add-to-cart=20539,23.990 ден,
Oukitel C19 Pro,https://clevershop.mk/product/oukitel-c19-pro/,https://clevershop.mk/product-category/mobilni-laptopi-i-tableti?add-to-cart=24593,6.290 ден,
Oukitel C32,https://clevershop.mk/product/oukitel-c32/,https://clevershop.mk/product-category/mobilni-laptopi-i-tableti?add-to-cart=24610,9.490 ден,
Oukitel WP20,https://clevershop.mk/product/oukitel-wp20/,https://clevershop.mk/product-category/mobilni-laptopi-i-tableti?add-to-cart=24634,8.490 ден,
Oukitel WP20 Pro,https://clevershop.mk/product/oukitel-wp20-pro/,https://clevershop.mk/product-category/mobilni-laptopi-i-tableti?add-to-cart=24674,9.890 ден,
PC HP OMEN 25L GT12,https://clevershop.mk/product/pc-hp-omen-25l-gt12/,https://clevershop.mk/product-category/mobilni-laptopi-i-tableti?add-to-cart=21788,81.490 ден,
RAZER Blade 17 Gaming,https://clevershop.mk/product/razer-blade-17-gaming/,https://clevershop.mk/product-category/mobilni-laptopi-i-tableti?add-to-cart=21351,132.990 ден,
SAMSUNG A7 LITE 32GB,https://clevershop.mk/product/samsung-a7-lite-32gb/,https://clevershop.mk/product-category/mobilni-laptopi-i-tableti?add-to-cart=17812,11.990 ден,
Samsung Galaxy A03 32GB 3GB RAM,https://clevershop.mk/product/samsung-galaxy-a03-32gb-2gb-ram/,https://clevershop.mk/product-category/mobilni-laptopi-i-tableti?add-to-cart=19178,8.990 ден Original price was: 8.990 ден.8.490 денCurrent price is: 8.490 ден.,8.490 ден
Samsung Galaxy A03 64GB 4GB RAM,https://clevershop.mk/product/samsung-galaxy-a03-64gb-4gb-ram/,https://clevershop.mk/product-category/mobilni-laptopi-i-tableti?add-to-cart=22568,9.490 ден,
Samsung Galaxy A03 Core 32GB 2GB RAM,https://clevershop.mk/product/samsung-galaxy-a03-core-32gb-2gb-ram/,https://clevershop.mk/product-category/mobilni-laptopi-i-tableti?add-to-cart=22562,6.490 ден,
Samsung Galaxy A04s,https://clevershop.mk/product/samsung-galaxy-a04s/,https://clevershop.mk/product-category/mobilni-laptopi-i-tableti?add-to-cart=23878,8.490 ден,
Samsung Galaxy A12 64GB 4GB RAM,https://clevershop.mk/product/samsung-galaxy-a12/,https://clevershop.mk/product-category/mobilni-laptopi-i-tableti?add-to-cart=18609,11.490 ден,
Samsung Galaxy A13 64GB 4GB RAM,https://clevershop.mk/product/samsung-galaxy-a13-64gb-4gb-ram/,https://clevershop.mk/product-category/mobilni-laptopi-i-tableti?add-to-cart=19060,14.290 ден Original price was: 14.290 ден.9.990 денCurrent price is: 9.990 ден.,9.990 ден
SAMSUNG Galaxy A22 128GB 6GB RAM,https://clevershop.mk/product/samsung-galaxy-a22-128gb-6gb-ram/,https://clevershop.mk/product-category/mobilni-laptopi-i-tableti?add-to-cart=18881,18.490 ден,
Samsung Galaxy A22 5G 64GB 4GB RAM,https://clevershop.mk/product/samsung-galaxy-a22-5g-64gb-4gb-ram/,https://clevershop.mk/product-category/mobilni-laptopi-i-tableti?add-to-cart=18965,15.290 ден Original price was: 15.290 ден.11.990 денCurrent price is: 11.990 ден.,11.990 ден
Samsung Galaxy A23 5G 64GB 4GB RAM,https://clevershop.mk/product/samsung-galaxy-a23-5g-64gb-4gb-ram/,https://clevershop.mk/product-category/mobilni-laptopi-i-tableti?add-to-cart=23749,12.990 ден,
Samsung Galaxy A23 64GB 4GB RAM,https://clevershop.mk/product/samsung-galaxy-a23-64gb-4gb-ram/,https://clevershop.mk/product-category/mobilni-laptopi-i-tableti?add-to-cart=19049,17.690 ден,
SAMSUNG Galaxy A32 128GB 4GB RAM,https://clevershop.mk/product/samsung-galaxy-a32-128gb-6gb-ram/,https://clevershop.mk/product-category/mobilni-laptopi-i-tableti?add-to-cart=18957,18.290 ден Original price was: 18.290 ден.13.990 денCurrent price is: 13.990 ден.,13.990 ден
Samsung Galaxy A33 5G 128GB 6GB RAM,https://clevershop.mk/product/samsung-galaxy-a33-5g-128gb-6gb-ram/,https://clevershop.mk/product-category/mobilni-laptopi-i-tableti?add-to-cart=21124,19.490 ден Original price was: 19.490 ден.17.990 денCurrent price is: 17.990 ден.,17.990 ден
Samsung Galaxy A52 128GB 6GB RAM,https://clevershop.mk/product/samsung-galaxy-a52-128gb-6gb-ram/,https://clevershop.mk/product-category/mobilni-laptopi-i-tableti?add-to-cart=21135,19.490 ден,
Samsung Galaxy A52s 5G 128GB 6GB RAM,https://clevershop.mk/product/samsung-galaxy-a52s-5g/,https://clevershop.mk/product-category/mobilni-laptopi-i-tableti?add-to-cart=18646,22.990 ден Original price was: 22.990 ден.19.990 денCurrent price is: 19.990 ден.,19.990 ден
Samsung Galaxy A53 5G 128GB 6GB RAM,https://clevershop.mk/product/samsung-galaxy-a53-5g-128gb-6gb-ram/,https://clevershop.mk/product-category/mobilni-laptopi-i-tableti?add-to-cart=19181,21.990 ден,
Samsung Galaxy A53 5G 128GB 8GB RAM,https://clevershop.mk/product/samsung-galaxy-a53-5g-128gb-8gb-ram/,https://clevershop.mk/product-category/mobilni-laptopi-i-tableti?add-to-cart=19038,29.990 ден,
Samsung Galaxy A72 128GB 8GB RAM,https://clevershop.mk/product/samsung-galaxy-a72-128gb-8gb-ram/,https://clevershop.mk/product-category/mobilni-laptopi-i-tableti?add-to-cart=18763,29.190 ден Original price was: 29.190 ден.26.990 денCurrent price is: 26.990 ден.,26.990 ден
Samsung Galaxy M32 128GB 6GB RAM,https://clevershop.mk/product/samsung-galaxy-m32-128gb-6gb-ram/,https://clevershop.mk/product-category/mobilni-laptopi-i-tableti?add-to-cart=18770,16.890 ден Original price was: 16.890 ден.15.990 денCurrent price is: 15.990 ден.,15.990 ден
Samsung Galaxy M62 256GB 8GB RAM,https://clevershop.mk/product/samsung-galaxy-m62-256gb-8gb-ram/,https://clevershop.mk/product-category/mobilni-laptopi-i-tableti?add-to-cart=18972,25.390 ден,
Samsung Galaxy Note20 256GB 8GB RAM,https://clevershop.mk/product/samsung-galaxy-note20-256gb-8gb-ram/,https://clevershop.mk/product-category/mobilni-laptopi-i-tableti?add-to-cart=18745,48.990 ден Original price was: 48.990 ден.46.990 денCurrent price is: 46.990 ден.,46.990 ден
Samsung Galaxy Note20 Ultra 5G 256GB 12GB RAM,https://clevershop.mk/product/samsung-galaxy-note20-ultra-5g-128gb-12gb-ram/,https://clevershop.mk/product-category/mobilni-laptopi-i-tableti?add-to-cart=18754,59.990 ден Original price was: 59.990 ден.57.690 денCurrent price is: 57.690 ден.,57.690 ден
Samsung Galaxy S20 FE 128GB 6GB RAM,https://clevershop.mk/product/samsung-galaxy-s20-fe-128gb-6gb-ram/,https://clevershop.mk/product-category/mobilni-laptopi-i-tableti?add-to-cart=19156,26.990 ден,
Samsung Galaxy S20 FE 5G 128GB 8GB RAM,https://clevershop.mk/product/samsung-galaxy-s20-fe-5g-128gb-8gb-ram/,https://clevershop.mk/product-category/mobilni-laptopi-i-tableti?add-to-cart=18978,32.490 ден,
Samsung Galaxy S21 5G 128GB 8GB RAM,https://clevershop.mk/product/samsung-galaxy-s21-5g-128gb-8gb-ram-2/,https://clevershop.mk/product-category/mobilni-laptopi-i-tableti?add-to-cart=21144,39.590 ден,
Samsung Galaxy S21 FE 5G 128GB 6GB RAM,https://clevershop.mk/product/samsung-galaxy-s21-fe-5g-128gb-6gb-ram/,https://clevershop.mk/product-category/mobilni-laptopi-i-tableti?add-to-cart=19166,33.990 ден,
Samsung Galaxy S21 FE 5G 128GB 8GB RAM,https://clevershop.mk/product/samsung-galaxy-s21-fe-5g-128gb-8gb-ram/,https://clevershop.mk/product-category/mobilni-laptopi-i-tableti?add-to-cart=18717,38.790 ден,
Samsung Galaxy S21 Ultra 5G 128GB 12GB RAM,https://clevershop.mk/product/samsung-galaxy-s21-ultra-5g-128gb-12gb-ram/,https://clevershop.mk/product-category/mobilni-laptopi-i-tableti?add-to-cart=18736,60.490 ден,
Samsung Galaxy S21 Ultra 5G 256GB 12GB RAM,https://clevershop.mk/product/samsung-galaxy-s21-ultra-5g-256gb-12gb-ram/,https://clevershop.mk/product-category/mobilni-laptopi-i-tableti?add-to-cart=20036,63.990 ден,
Samsung Galaxy S21+ 5G 128GB 8GB RAM,https://clevershop.mk/product/samsung-galaxy-s21-5g-128gb-8gb-ram/,https://clevershop.mk/product-category/mobilni-laptopi-i-tableti?add-to-cart=18727,49.490 ден,
Samsung Galaxy S21+ 5G 256GB 8GB RAM,https://clevershop.mk/product/samsung-galaxy-s21-5g-256gb-8gb-ram/,https://clevershop.mk/product-category/mobilni-laptopi-i-tableti?add-to-cart=19984,54.790 ден,
Samsung Galaxy S22 128GB 8GB RAM,https://clevershop.mk/product/samsung-galaxy-s22/,https://clevershop.mk/product-category/mobilni-laptopi-i-tableti?add-to-cart=18530,57.990 ден Original price was: 57.990 ден.39.990 денCurrent price is: 39.990 ден.,39.990 ден
Samsung Galaxy S22 Ultra 5G 128GB 8GB RAM,https://clevershop.mk/product/samsung-galaxy-s22-ultra-5g-128gb-8gb-ram/,https://clevershop.mk/product-category/mobilni-laptopi-i-tableti?add-to-cart=23588,59.990 ден,
Samsung Galaxy S22 Ultra 5G 256GB 12GB RAM,https://clevershop.mk/product/samsung-galaxy-s22-ultra-5g-128gb-12gb-ram/,https://clevershop.mk/product-category/mobilni-laptopi-i-tableti?add-to-cart=19906,63.990 ден,
Samsung Galaxy S22+ 5G 256GB 8GB RAM,https://clevershop.mk/product/samsung-galaxy-s22-5g/,https://clevershop.mk/product-category/mobilni-laptopi-i-tableti?add-to-cart=18570,67.990 ден Original price was: 67.990 ден.64.990 денCurrent price is: 64.990 ден.,64.990 ден
Samsung Galaxy Tab S7 FE,https://clevershop.mk/product/samsung-galaxy-tab-s7-fe/,https://clevershop.mk/product-category/mobilni-laptopi-i-tableti?add-to-cart=21838,38.690 ден,
Samsung Galaxy Tab S8 Ultra 128GB 8GB RAM,https://clevershop.mk/product/samsung-galaxy-tab-s8-ultra-128gb-8gb-ram/,https://clevershop.mk/product-category/mobilni-laptopi-i-tableti?add-to-cart=20905,76.990 ден,
Samsung Galaxy Watch3  8GB 1GB RAM,https://clevershop.mk/product/samsung-galaxy-watch3-8gb-1gb-ram/,https://clevershop.mk/product-category/mobilni-laptopi-i-tableti?add-to-cart=19638,13.990 ден,
Samsung Galaxy Watch4,https://clevershop.mk/product/samsung-galaxy-watch4/,https://clevershop.mk/product-category/mobilni-laptopi-i-tableti?add-to-cart=19673,15.990 ден,
Samsung Galaxy Z Flip3 5G 128GB 8GB RAM,https://clevershop.mk/product/samsung-galaxy-z-flip3-5g-8-128gb/,https://clevershop.mk/product-category/mobilni-laptopi-i-tableti?add-to-cart=17530,49.990 ден Original price was: 49.990 ден.43.990 денCurrent price is: 43.990 ден.,43.990 ден
Samsung Galaxy Z Flip4 256 GB 8GB RAM,https://clevershop.mk/product/samsung-galaxy-z-flip4-128gb-8gb-ram/,https://clevershop.mk/product-category/mobilni-laptopi-i-tableti?add-to-cart=22550,56.990 ден Original price was: 56.990 ден.52.990 денCurrent price is: 52.990 ден.,52.990 ден
Samsung Galaxy Z Fold3 5G 256GB 12GB RAM,https://clevershop.mk/product/samsung-galaxy-z-fold3-5g-256gb-12gb-ram/,https://clevershop.mk/product-category/mobilni-laptopi-i-tableti?add-to-cart=18991,84.990 ден Original price was: 84.990 ден.79.990 денCurrent price is: 79.990 ден.,79.990 ден
Samsung Galaxy Z Fold4 256GB 12GB RAM,https://clevershop.mk/product/samsung-galaxy-z-flip4-5g-256gb-12gb-ram/,https://clevershop.mk/product-category/mobilni-laptopi-i-tableti?add-to-cart=22540,103.990 ден Original price was: 103.990 ден.85.990 денCurrent price is: 85.990 ден.,85.990 ден
SAMSUNG M12 black  4GB/128 GB,https://clevershop.mk/product/samsung-m12-black-4gb-64-gb/,https://clevershop.mk/product-category/mobilni-laptopi-i-tableti?add-to-cart=17510,12.990 ден,
Samsung S6 Lite WiFi only 128GB blue,https://clevershop.mk/product/samsung-s6-lite-wifi-only-128gb-blue/,https://clevershop.mk/product-category/mobilni-laptopi-i-tableti?add-to-cart=17821,23.990 ден,
Victus 15L Gaming DT TG02,https://clevershop.mk/product/victus-15l-gaming-dt-tg02-0004nh-pc/,https://clevershop.mk/product-category/mobilni-laptopi-i-tableti?add-to-cart=21781,79.990 ден,
Vivo X60 Pro 256GB 12GB RAM,https://clevershop.mk/product/vivo-x60-pro/,https://clevershop.mk/product-category/mobilni-laptopi-i-tableti?add-to-cart=19331,36.990 ден,
Xiaomi 11T 128GB 8GB RAM,https://clevershop.mk/product/xiaomi-11t/,https://clevershop.mk/product-category/mobilni-laptopi-i-tableti?add-to-cart=18621,31.990 ден Original price was: 31.990 ден.29.990 денCurrent price is: 29.990 ден.,29.990 ден
Xiaomi 11T Pro 128GB 8GB RAM,https://clevershop.mk/product/xiaomi-11t-pro-128gb-8gb-ram/,https://clevershop.mk/product-category/mobilni-laptopi-i-tableti?add-to-cart=19097,34.590 ден,
Xiaomi 12 256GB 8GB RAM,https://clevershop.mk/product/xiaomi-12-256gb-8gb-ram/,https://clevershop.mk/product-category/mobilni-laptopi-i-tableti?add-to-cart=19600,44.990 ден,
Xiaomi 12X  128GB 8GB RAM,https://clevershop.mk/product/xiaomi-12x-128gb-8gb-ram/,https://clevershop.mk/product-category/mobilni-laptopi-i-tableti?add-to-cart=20849,38.990 ден Original price was: 38.990 ден.34.990 денCurrent price is: 34.990 ден.,34.990 ден
XIAOMI Black Shark 4  8GB/128GB,https://clevershop.mk/product/xiaomi-black-shark-4-8gb-128gb/,https://clevershop.mk/product-category/mobilni-laptopi-i-tableti?add-to-cart=17568,33.490 ден,
Xiaomi Mi 10 5G 128GB 8GB RAM,https://clevershop.mk/product/xiaomi-mi-10-5g-128gb-8gb-ram/,https://clevershop.mk/product-category/mobilni-laptopi-i-tableti?add-to-cart=18826,31.990 ден,
Xiaomi Mi 10 Lite 5G 64GB 6GB RAM,https://clevershop.mk/product/xiaomi-mi-10-lite-5g-64gb-6gb-ram/,https://clevershop.mk/product-category/mobilni-laptopi-i-tableti?add-to-cart=18870,19.890 ден,
Xiaomi Mi 10T Pro 5G 256GB 8GB RAM,https://clevershop.mk/product/xiaomi-mi-10t-pro-5g-256gb-8gb-ram/,https://clevershop.mk/product-category/mobilni-laptopi-i-tableti?add-to-cart=18851,34.290 ден,
Xiaomi Mi 11 Ultra 256GB 12GB RAM,https://clevershop.mk/product/xiaomi-mi-11-ultra/,https://clevershop.mk/product-category/mobilni-laptopi-i-tableti?add-to-cart=18616,61.990 ден Original price was: 61.990 ден.59.990 денCurrent price is: 59.990 ден.,59.990 ден
Xiaomi Mi 9 Lite 64GB 4GB RAM,https://clevershop.mk/product/xiaomi-mi-9-lite-64gb-4gb-ram/,https://clevershop.mk/product-category/mobilni-laptopi-i-tableti?add-to-cart=19268,9.990 ден,
Xiaomi Pad 5 128GB 6GB RAM,https://clevershop.mk/product/xiaomi-pad-5-128gb-6gb-ram/,https://clevershop.mk/product-category/mobilni-laptopi-i-tableti?add-to-cart=18861,32.290 ден,
Xiaomi Poco F3 128GB 6GB RAM,https://clevershop.mk/product/xiaomi-poco-f3-128gb-6gb-ram/,https://clevershop.mk/product-category/mobilni-laptopi-i-tableti?add-to-cart=19213,20.990 ден,
Xiaomi Poco F3 256GB 8GB RAM,https://clevershop.mk/product/xiaomi-poco-f3-256gb-8gb-ram/,https://clevershop.mk/product-category/mobilni-laptopi-i-tableti?add-to-cart=18842,26.990 ден,
Xiaomi Poco M4 Pro 5G 64GB 4GB RAM,https://clevershop.mk/product/xiaomi-poco-m4-pro-64gb-6gb-ram/,https://clevershop.mk/product-category/mobilni-laptopi-i-tableti?add-to-cart=20475,13.990 ден Original price was: 13.990 ден.12.990 денCurrent price is: 12.990 ден.,12.990 ден
Xiaomi Poco X3 NFC 128GB 6GB RAM,https://clevershop.mk/product/xiaomi-poco-x3-nfc-128gb-6gb-ram/,https://clevershop.mk/product-category/mobilni-laptopi-i-tableti?add-to-cart=19221,14.990 ден,
Xiaomi Poco X3 Pro 128GB 6GB RAM,https://clevershop.mk/product/xiaomi-poco-x3-pro-128gb-6gb-ram/,https://clevershop.mk/product-category/mobilni-laptopi-i-tableti?add-to-cart=19232,15.990 ден Original price was: 15.990 ден.13.990 денCurrent price is: 13.990 ден.,13.990 ден
Xiaomi Poco X3 Pro 128GB 8GB RAM,https://clevershop.mk/product/xiaomi-poco-x3-pro-128gb-8gb-ram/,https://clevershop.mk/product-category/mobilni-laptopi-i-tableti?add-to-cart=22773,15.490 ден,
Xiaomi Redmi 9C NFC 32GB 2GB RAM,https://clevershop.mk/product/xiaomi-redmi-9c-nfc-32gb-2gb-ram/,https://clevershop.mk/product-category/mobilni-laptopi-i-tableti?add-to-cart=19241,7.490 ден,
Xiaomi Redmi Note 10 128GB 6GB RAM,https://clevershop.mk/product/xiaomi-redmi-note-10-128gb-6gb-ram/,https://clevershop.mk/product-category/mobilni-laptopi-i-tableti?add-to-cart=20468,14.990 ден,
Xiaomi Redmi Note 10 Pro 128GB 6GB RAM,https://clevershop.mk/product/xiaomi-redmi-note-10-pro-128gb-6gb-ram/,https://clevershop.mk/product-category/mobilni-laptopi-i-tableti?add-to-cart=20459,18.990 ден Original price was: 18.990 ден.14.990 денCurrent price is: 14.990 ден.,14.990 ден
Xiaomi Redmi Note 11 64GB 4GB RAM,https://clevershop.mk/product/xiaomi-redmi-note-11-64gb-4gb-ram/,https://clevershop.mk/product-category/mobilni-laptopi-i-tableti?add-to-cart=18817,14.990 ден Original price was: 14.990 ден.13.990 денCurrent price is: 13.990 ден.,13.990 ден
Xiaomi Redmi Note 11 64GB 4GB RAM,https://clevershop.mk/product/xiaomi-redmi-note-11-64gb-4gb-ram-2/,https://clevershop.mk/product-category/mobilni-laptopi-i-tableti?add-to-cart=19258,13.990 ден,
Xiaomi Redmi Note 11 Pro 128GB 6GB RAM,https://clevershop.mk/product/xiaomi-redmi-note-11-pro/,https://clevershop.mk/product-category/mobilni-laptopi-i-tableti?add-to-cart=19247,20.990 ден,
Xiaomi Redmi Note 11T 5G 128GB 6GB RAM,https://clevershop.mk/product/xiaomi-redmi-note-11t-5g-128gb-6gb-ram/,https://clevershop.mk/product-category/mobilni-laptopi-i-tableti?add-to-cart=19204,17.990 ден,
ZOTAC GAMING GeForce GTX 1650 OC GDDR6,https://clevershop.mk/product/zotac-gaming-geforce-gtx-1650-oc-gddr6/,https://clevershop.mk/product-category/mobilni-laptopi-i-tableti?add-to-cart=17849,23.990 ден,
24G2U5/BK 23.8″ IPS 75Hz 1920 x 1080,https://clevershop.mk/product/24g2u5-bk-23-8-ips-1920-x-1080-75hz/,https://clevershop.mk/product-category/mobilni-laptopi-i-tableti?add-to-cart=12148,9.190 ден,
27V2Q 27″ IPS 75Hz 1920 x 1080,https://clevershop.mk/product/27v2q-27-ips-1920-x-1080-75hz/,https://clevershop.mk/product-category/mobilni-laptopi-i-tableti?add-to-cart=12153,9.990 ден,
AOC 27G2U/BK 27″ IPS 144Hz 1920 x 1080,https://clevershop.mk/product/aoc-27g2u-bk-27-ips-1920-x-1080-144hz/,https://clevershop.mk/product-category/mobilni-laptopi-i-tableti?add-to-cart=12119,12.600 ден,
AOC C27G2U/BK 27″ Full HD VA FreeSync Premium 165Hz Curved Gaming Monitor,https://clevershop.mk/product/aoc-c27g2u-bk-27-full-hd-va-freesync-premium-165hz-curved-gaming-monitor/,https://clevershop.mk/product-category/mobilni-laptopi-i-tableti?add-to-cart=12557,12.915 ден,
AOC C27G2ZE/BK 27″ VA 240Hz 1920 x 1080,https://clevershop.mk/product/aoc-c27g2ze-bk-27-ips-240hz-1920-x-1080/,https://clevershop.mk/product-category/mobilni-laptopi-i-tableti?add-to-cart=12221,15.890 ден,
AOC CQ27G2U/BK 27″ VA 144Hz 2560×1440,https://clevershop.mk/product/aoc-cq27g2u-bk-27-va-144hz-2560x1440/,https://clevershop.mk/product-category/mobilni-laptopi-i-tableti?add-to-cart=12260,14.858 ден,
Bakeey Z19 SMART часовник,https://clevershop.mk/product/bakeey-z19-smart-%d1%87%d0%b0%d1%81%d0%be%d0%b2%d0%bd%d0%b8%d0%ba/,https://clevershop.mk/product-category/mobilni-laptopi-i-tableti?add-to-cart=11274,1.990 ден,
"Acer Aspire 3 A317-33, NX.A6TEX.00A",https://clevershop.mk/product/hp-205-g4-22-all-in-one-pc-9ug19ea/,https://clevershop.mk/product-category/mobilni-laptopi-i-tableti?add-to-cart=17221,26.490 ден,
Acer Chromebook 11 CB311-9H-C4XC NX.HKFAA.007,https://clevershop.mk/product/acer-chromebook-11-cb311-9h-c4xc-nx-hkfaa-007/,https://clevershop.mk/product-category/mobilni-laptopi-i-tableti?add-to-cart=13124,11.990 ден,
Acer Nitro 5 AN515-55 NH.Q7MEX.00R,https://clevershop.mk/product/acer-nitro-5-an515-55-nh-q7mex-00r/,https://clevershop.mk/product-category/mobilni-laptopi-i-tableti?add-to-cart=17235,47.990 ден,
Acer Predator Triton 500 SE PT516-51s,https://clevershop.mk/product/acer-predator-triton-500-se-pt516-51s-intel-windows-10-home-intel-core-i7-11800h-24-ghz-core-8-16gb-16-wqxga-ips-ssdgb-512-m-2-pcie-nvme-nvidia-rtx-3070-8gb-802-11a-b-g-n-bluetooth-5/,https://clevershop.mk/product-category/mobilni-laptopi-i-tableti?add-to-cart=17241,107.990 ден,
"ACER Swift 1 (SF114-33-P3EE), Silver",https://clevershop.mk/product/notebook-acer-swift-1-sf114-33-p3ee-silver-14-fhd-ips-intel-pentium-silver-processor-n5030-8gb-ddr4-256gb-nvme-ssd-4xusb-figerprint-camera-hdmi-bt-linux/,https://clevershop.mk/product-category/mobilni-laptopi-i-tableti?add-to-cart=16939,25.990 ден Original price was: 25.990 ден.21.990 денCurrent price is: 21.990 ден.,21.990 ден
"ACER Swift 1 (SF114-33-P629), Gold",https://clevershop.mk/product/acer-swift-1-sf114-33-p629-gold-14-fhd-ips-intel-pentium-silver-processor-n5030-8gb-ddr4-256gb-nvme-ssd-4xusb-figerprint-camera-hdmi-bt-linux/,https://clevershop.mk/product-category/mobilni-laptopi-i-tableti?add-to-cart=16946,27.990 ден Original price was: 27.990 ден.21.990 денCurrent price is: 21.990 ден.,21.990 ден
"ACER SWiIFT 3, SF314-511-56XT, Silver, 14” FHD, Intel® Core™ i5-1135G7, 16G DDR4, 512GB SSD, 1xUSB Type-C / Thunderbolt™ 4, 1xUSB 3.2, Figerprint, Camera, HDMI,  BT, Linux",https://clevershop.mk/product/acer-swiift-3-sf314-511-56xt-silver-14-fhd-intel-core-i5-1135g7-16g-ddr4-512gb-ssd-1xusb-type-c-thunderbolt-4-1xusb-3-2-figerprint-camera-hdmi-bt-linux/,https://clevershop.mk/product-category/mobilni-laptopi-i-tableti?add-to-cart=16978,44.990 ден,
Asus VivoBook X413JA-211.VBWB,https://clevershop.mk/product/asus-vivobook-x413ja-211-vbwb/,https://clevershop.mk/product-category/mobilni-laptopi-i-tableti?add-to-cart=12999,25.990 ден Original price was: 25.990 ден.19.990 денCurrent price is: 19.990 ден.,19.990 ден
"DELL NB Latitude 5520, 11th Intel Core i5-1135G7 (4C/8T/8MB/2.4GHz), 15.6″ FHD (1920×1080) 250nits, 8GB DDR4, M.2 256GB PCIe NVMe, FPR Reader, SmartCard Reader, TB4, Cam+Mic, 4Cell 63WHr, 65W Type-C, AX201+BT5.1, WLAN/WWAN, Backlit kbd, Win10Pro, 3Y",https://clevershop.mk/product/dell-nb-latitude-5520-11th-intel-core-i5-1135g7-4c-8t-8mb-2-4ghz-15-6-fhd-1920x1080-250nits-8gb-ddr4-m-2-256gb-pcie-nvme-fpr-reader-smartcard-reader-tb4-cammic-4cell-63whr-65w-type-c/,https://clevershop.mk/product-category/mobilni-laptopi-i-tableti?add-to-cart=17156,62.690 ден,
"DELL NB Vostro 3515, AMD Ryzen™ 3 3250U (2 Core,4M cache,2.6GHz to 3.5GHz), 15.6″ FHD(1920×1080) WVA AG 220 nits, 8GB(1x8GB) DDR4, 256GB M.2 PCIe NVMe SSD, Integrated graphics with AMD APU, Wi-Fi, BT5.0, Bckl Kb, 3-Cell, Ubuntu 20.04, Carbon Black,3Y",https://clevershop.mk/product/dell-nb-vostro-3515-amd-ryzen-3-3250u-2-core4m-cache2-6ghz-to-3-5ghz-15-6-fhd1920x1080-wva-ag-220-nits-8gb1x8gb-ddr4-256gb-m-2-pcie-nvme-ssd-integrated-graphics-with-amd-apu-w/,https://clevershop.mk/product-category/mobilni-laptopi-i-tableti?add-to-cart=17066,27.990 ден,
"DELL NB Vostro 3515, AMD Ryzen™ 5 3450U (4 Core,4M cache,2.1GHz to 3.5GHz), 15.6″ FHD (1920×1080) WVA AG 220 nits, 8GB (1x8GB) DDR4, 512GB M.2 PCIe NVMe SSD, AMD Radeon Vega 8 Graphics, Wi-Fi, BT, 3cell 41WHr, Ubuntu 20.04, Carbon Black, 3Y",https://clevershop.mk/product/dell-nb-vostro-3515-amd-ryzen-5-3450u-4-core4m-cache2-1ghz-to-3-5ghz-15-6-fhd-1920x1080-wva-ag-220-nits-8gb-1x8gb-ddr4-512gb-m-2-pcie-nvme-ssd-amd-radeon-vega-8-graphics-wi-fi/,https://clevershop.mk/product-category/mobilni-laptopi-i-tableti?add-to-cart=17071,33.990 ден,
"HP Chromebook 11A-NB0013 11.6″ 4GB 32GB Intel Celeron N3350 X2 1.1GHz Chrome OS, Ash Gray",https://clevershop.mk/product/hp-chromebook-11a-nb0013-11-6-4gb-32gb-intel-celeron-n3350-x2-1-1ghz-chrome-os-ash-gray/,https://clevershop.mk/product-category/mobilni-laptopi-i-tableti?add-to-cart=16676,11.990 ден Original price was: 11.990 ден.10.990 денCurrent price is: 10.990 ден.,10.990 ден
"HP NB OMEN 15-en0011nia, Ryzen 5-4600H hexa, 15.6” FHD Antiglare ultraslim IPS 144Hz Narrow Border, 8GB DDR4 2DM 3200, 512GB PCIe SSD, Nvidia GeForce 1650Ti 4GB, Win10 Home, Mica Silver, 3Y",https://clevershop.mk/product/hp-nb-omen-15-en0011nia-ryzen-5-4600h-hexa-15-6-fhd-antiglare-ultraslim-ips-144hz-narrow-border-8gb-ddr4-2dm-3200-512gb-pcie-ssd-nvidia-geforce-1650ti-4gb-win10-home-mica-silver-3y/,https://clevershop.mk/product-category/mobilni-laptopi-i-tableti?add-to-cart=17202,65.390 ден,
"Tablet PC, Veidoo 10 Inch Android Tablet, 10.1 inch IPS Screen, Dual Camera, WiFi/GPS/OTG/Bluetooth, 3G Phone Call Dual SIM Card Slots, 2GB RAM, 32GB Storage, 5000mAh Battery",https://clevershop.mk/product/tablet-pc-veidoo-10-inch-android-tablet-10-1-inch-ips-screen-dual-camera-wifi-gps-otg-bluetooth-3g-phone-call-dual-sim-card-slots-2gb-ram-32gb-storage-5000mah-battery/,https://clevershop.mk/product-category/mobilni-laptopi-i-tableti?add-to-cart=13085,5.990 ден Original price was: 5.990 ден.5.290 денCurrent price is: 5.290 ден.,5.290 ден
FS200 Mini Portable SSD – USB3.1,https://clevershop.mk/product/fs200-mini-portable-ssd-usb3-1/,https://clevershop.mk/product-category/mobilni-laptopi-i-tabletihttps://clevershop.mk/product/fs200-mini-portable-ssd-usb3-1/,999 ден – 2.490 ден,
G2590FX 24.5″ TN 144Hz 1920 x 1080,https://clevershop.mk/product/g2590fx-24-5-tn-1920-x-1080-144hz/,https://clevershop.mk/product-category/mobilni-laptopi-i-tableti?add-to-cart=12166,11.490 ден,
HP 27″ 3WL54AA QHD 144 Hz 2560 x 1440,https://clevershop.mk/product/hp-27%e2%80%b3-3wl54aa-qhd-144-hz-2560-x-1440/,https://clevershop.mk/product-category/mobilni-laptopi-i-tableti?add-to-cart=12311,21.090 ден,
"HP OMEN X gaming display 25″, 4WH47AA",https://clevershop.mk/product/hp-omen-x-gaming-display-25-4wh47aa/,https://clevershop.mk/product-category/mobilni-laptopi-i-tableti?add-to-cart=12413,17.990 ден,
Lemfo LEM1995 SMART женска бразлетна,https://clevershop.mk/product/lemfo-lem1995-smart-%d0%b6%d0%b5%d0%bd%d1%81%d0%ba%d0%b0-%d0%b1%d1%80%d0%b0%d0%b7%d0%bb%d0%b5%d1%82%d0%bd%d0%b0/,https://clevershop.mk/product-category/mobilni-laptopi-i-tableti?add-to-cart=11279,1.990 ден,
LG 27” QHD Ergo IPS Monitor with USB Type-C™,https://clevershop.mk/product/lg-27-qhd-ergo-ips-monitor-with-usb-type-c/,https://clevershop.mk/product-category/mobilni-laptopi-i-tableti?add-to-cart=12561,23.990 ден,
MON 15.6 AOC I1601FWUX,https://clevershop.mk/product/mon-15-6-aoc-i1601fwux/,https://clevershop.mk/product-category/mobilni-laptopi-i-tableti?add-to-cart=12599,10.990 ден,
MON 24 ASUS VG249Q FHD IPS Gaming 144Hz HDMI DP FreeSync,https://clevershop.mk/product/mon-24-asus-vg249q-fhd-ips-gaming-144hz-hdmi-dp-freesync/,https://clevershop.mk/product-category/mobilni-laptopi-i-tableti?add-to-cart=12590,14.990 ден,
"Acer ED270R 27″ Black 1920 x 1080 Widescreen 16:9 165Hz Refresh Rate AMD FreeSync Premium Technology, 2x HDMI, DisplayPort Curved LED Gaming Monitor",https://clevershop.mk/product/acer-ed270r-27-black-1920-x-1080-widescreen-169-165hz-refresh-rate-amd-freesync-premium-technology-2x-hdmi-displayport-curved-led-gaming-monitor/,https://clevershop.mk/product-category/mobilni-laptopi-i-tableti?add-to-cart=17058,14.390 ден,
"Acer ED323QUR Abidpx 31.5 Inches WQHD (2560 x 1440) Curved 1800R VA Gaming Monitor with AMD Radeon FREESYNC Technology – 4ms; 144Hz Refresh Rate; Display Port, HDMI Port & DVI Port, Black",https://clevershop.mk/product/acer-ed323qur-abidpx-31-5-inches-wqhd-2560-x-1440-curved-1800r-va-gaming-monitor-with-amd-radeon-freesync-technology-4ms-144hz-refresh-rate-display-port-hdmi-port-dvi-port-black/,https://clevershop.mk/product-category/mobilni-laptopi-i-tableti?add-to-cart=17043,21.290 ден,
"Acer Nitro VG271U Pbmiipx 27″ WQHD (2560 x 1440) IPS AMD Radeon FREESYNC Gaming Monitor, 144Hz, VESA Certified Display HDR400, DCI-P3, (2 x HDMI 2.0 Ports & 1 x Display Port), Black",https://clevershop.mk/product/acer-nitro-vg271u-pbmiipx-27-wqhd-2560-x-1440-ips-amd-radeon-freesync-gaming-monitor-144hz-vesa-certified-display-hdr400-dci-p3-2-x-hdmi-2-0-ports-1-x-display-port-black/,https://clevershop.mk/product-category/mobilni-laptopi-i-tableti?add-to-cart=17035,19.790 ден,
"ACER Nitro VG272SBMIIPX, 27″ LED IPS FHD, 165Hz, min 0,5ms (GtoG) 2x2W speakers Black",https://clevershop.mk/product/acer-nitro-vg272sbmiipx-27-led-ips-fhd-165hz-min-05ms-gtog-2x2w-speakers-black/,https://clevershop.mk/product-category/mobilni-laptopi-i-tableti?add-to-cart=17003,14.390 ден,
"ACER Nitro XV240Y Pbmiiprx 23.8″ LED IPS FHD, 165Hz, min 0,1ms (GtoG), 1000:1, 250nits",https://clevershop.mk/product/acer-nitro-xv240y-pbmiiprx-23-8-led-ips-fhd-165hz-min-01ms-gtog-10001-250nits/,https://clevershop.mk/product-category/mobilni-laptopi-i-tableti?add-to-cart=17051,12.890 ден,
"ACER Nitro XV252QZBMIIPRX 24.5″ LED IPS FHD, up to 280Hz, min 0,5ms (GtoG) 1000:1 400nits HDMI DP Height adj. Pivot  Black",https://clevershop.mk/product/acer-nitro-xv252qzbmiiprx-24-5-led-ips-fhd-up-to-280hz-min-05ms-gtog-10001-400nits-hdmi-dp-height-adj-pivot-black/,https://clevershop.mk/product-category/mobilni-laptopi-i-tableti?add-to-cart=17011,18.790 ден,
"ACER R270SI  27” LED IPS FHD, ZeroFrame, 1ms VRB, Flicker-less,1000:1, 250nits, HDMI, Black",https://clevershop.mk/product/acer-r270si-27-led-ips-fhd-zeroframe-1ms-vrb-flicker-less10001-250nits-hdmi-black/,https://clevershop.mk/product-category/mobilni-laptopi-i-tableti?add-to-cart=17019,9.890 ден,
"ACER V277BIP 27” LED IPS FHD, ZeroFrame, 4ms, Flicker-less,1000:1, 250nits, HDMI, DP, Black",https://clevershop.mk/product/acer-v277bip-27-led-ips-fhd-zeroframe-4ms-flicker-less10001-250nits-hdmi-dp-black/,https://clevershop.mk/product-category/mobilni-laptopi-i-tableti?add-to-cart=17026,9.390 ден,
MON 27 AOC AG273QCX,https://clevershop.mk/product/mon-15-6-aoc-i1601fwux-copy/,https://clevershop.mk/product-category/mobilni-laptopi-i-tableti?add-to-cart=12646,27.190 ден,
MON 27 LG 27GN850-B QHD IPS 1MS 144HZ HDMI,https://clevershop.mk/product/mon-27-lg-27gn850-b-qhd-ips-1ms-144hz-hdmi/,https://clevershop.mk/product-category/mobilni-laptopi-i-tableti?add-to-cart=12543,29.990 ден,
MON 27 Philips 272B7QUPBEB/00 with USB-C Dock,https://clevershop.mk/product/mon-27-philips-272b7qupbeb-00-with-usb-c-dock/,https://clevershop.mk/product-category/mobilni-laptopi-i-tableti?add-to-cart=12619,20.590 ден,
MON 27 Philips 272V8A/00,https://clevershop.mk/product/mon-27-philips-272v8a-00/,https://clevershop.mk/product-category/mobilni-laptopi-i-tableti?add-to-cart=12638,10.590 ден,
Monitor 27 Philips 272E1GAJ/00 VA 1ms 144Hz,https://clevershop.mk/product/monitor-27-philips-272e1gaj-00-va-1ms-144hz/,https://clevershop.mk/product-category/mobilni-laptopi-i-tableti?add-to-cart=12618,12.890 ден,
Philips 24″ 243V7QDSB,https://clevershop.mk/product/philips-24%e2%80%b3-243v7qdsb/,https://clevershop.mk/product-category/mobilni-laptopi-i-tableti?add-to-cart=12396,8.390 ден,
Philips 27″ 278E1A/00 4K UHD IPS,https://clevershop.mk/product/hp-27%e2%80%b3-278e1a-00-4k-uhd-ips/,https://clevershop.mk/product-category/mobilni-laptopi-i-tableti?add-to-cart=12218,18.990 ден,
Philips 279C9-00 MON LED 27″ 3840 x 2160 5Ms 60Hz 4K UHD,https://clevershop.mk/product/philips-279c9-00-mon-led-27-3840-x-2160-5ms-60hz-4k-uhd/,https://clevershop.mk/product-category/mobilni-laptopi-i-tableti?add-to-cart=12578,26.990 ден,
Xiaomi Redmi AirDots Wireless,https://clevershop.mk/product/redmi-headphones/,https://clevershop.mk/product-category/mobilni-laptopi-i-tableti?add-to-cart=10663,990 ден,
